drug_id,price
0_test,18.11
1_test,9.08
2_test,19.10
3_test,36.94
4_test,138.59
5_test,9.99
6_test,14.76
7_test,173.95
8_test,11.17
9_test,8.72
10_test,7.81
11_test,8.72
12_test,19.10
13_test,44.52
14_test,21.28
15_test,175.93
16_test,8.72
17_test,8.72
18_test,8.72
19_test,8.72
20_test,72.25
21_test,7.81
22_test,66.53
23_test,8.72
24_test,8.72
25_test,44.52
26_test,14.56
27_test,7.81
28_test,23.53
29_test,6.18
30_test,8.72
31_test,18.11
32_test,8.72
33_test,19.34
34_test,18.11
35_test,8.72
36_test,49.06
37_test,20.95
38_test,8.72
39_test,107.16
40_test,8.72
41_test,52.38
42_test,14.76
43_test,15.66
44_test,13.13
45_test,8.72
46_test,8.72
47_test,8.72
48_test,13.04
49_test,8.72
50_test,44.52
51_test,8.72
52_test,14.76
53_test,8.72
54_test,124.37
55_test,7.81
56_test,11.41
57_test,44.52
58_test,6.18
59_test,52.38
60_test,8.72
61_test,195.49
62_test,8.72
63_test,7.81
64_test,8.72
65_test,7.81
66_test,42.48
67_test,42.48
68_test,15.66
69_test,7.81
70_test,7.81
71_test,7.81
72_test,8.72
73_test,7.81
74_test,18.19
75_test,8.72
76_test,8.72
77_test,6.18
78_test,7.81
79_test,8.72
80_test,72.25
81_test,8.72
82_test,14.76
83_test,44.52
84_test,8.72
85_test,22.23
86_test,21.57
87_test,7.81
88_test,17.81
89_test,19.10
90_test,19.10
91_test,9.08
92_test,51.07
93_test,8.72
94_test,42.82
95_test,8.72
96_test,81.88
97_test,8.72
98_test,6.18
99_test,89.46
100_test,8.72
101_test,19.29
102_test,61.56
103_test,18.11
104_test,7.81
105_test,6.18
106_test,7.81
107_test,22.62
108_test,8.72
109_test,19.10
110_test,8.72
111_test,15.66
112_test,19.10
113_test,7.81
114_test,7.81
115_test,19.10
116_test,7.81
117_test,7.81
118_test,8.72
119_test,8.72
120_test,19.10
121_test,11.67
122_test,26.63
123_test,393.60
124_test,15.66
125_test,44.52
126_test,58.87
127_test,8.72
128_test,54.56
129_test,42.48
130_test,18.19
131_test,389.95
132_test,44.52
133_test,20.37
134_test,20.33
135_test,8.72
136_test,6.18
137_test,21.28
138_test,7.81
139_test,44.52
140_test,8.72
141_test,7.81
142_test,18.40
143_test,44.52
144_test,7.81
145_test,8.72
146_test,18.19
147_test,7.57
148_test,19.10
149_test,15.66
150_test,21.28
151_test,21.28
152_test,8.72
153_test,15.66
154_test,8.72
155_test,57.46
156_test,8.72
157_test,7.81
158_test,8.72
159_test,15.66
160_test,18.19
161_test,7.81
162_test,7.81
163_test,6.18
164_test,8.72
165_test,72.25
166_test,7.81
167_test,8.72
168_test,20.37
169_test,44.52
170_test,8.72
171_test,19.10
172_test,21.28
173_test,13.94
174_test,8.72
175_test,20.37
176_test,7.81
177_test,8.72
178_test,19.10
179_test,43.39
180_test,19.10
181_test,43.39
182_test,42.82
183_test,20.37
184_test,118.69
185_test,7.81
186_test,8.72
187_test,44.52
188_test,7.81
189_test,25.32
190_test,16.74
191_test,6.18
192_test,23.53
193_test,8.72
194_test,42.47
195_test,11.61
196_test,145.45
197_test,8.72
198_test,54.56
199_test,22.23
200_test,8.72
201_test,26.79
202_test,14.51
203_test,6.18
204_test,8.72
205_test,17.37
206_test,42.47
207_test,7.57
208_test,18.40
209_test,46.88
210_test,10.74
211_test,8.72
212_test,22.62
213_test,72.25
214_test,22.62
215_test,24.80
216_test,31.56
217_test,8.72
218_test,42.95
219_test,6.18
220_test,8.72
221_test,8.72
222_test,7.01
223_test,14.76
224_test,7.81
225_test,18.11
226_test,44.52
227_test,16.75
228_test,8.72
229_test,54.91
230_test,15.66
231_test,7.81
232_test,13.13
233_test,42.48
234_test,8.72
235_test,9.23
236_test,15.66
237_test,7.81
238_test,6.18
239_test,9.08
240_test,91.25
241_test,22.62
242_test,16.41
243_test,8.72
244_test,54.56
245_test,6.18
246_test,8.72
247_test,7.81
248_test,44.52
249_test,18.11
250_test,7.81
251_test,7.81
252_test,45.33
253_test,43.39
254_test,88.55
255_test,44.52
256_test,7.81
257_test,18.41
258_test,18.11
259_test,10.04
260_test,54.56
261_test,8.72
262_test,15.66
263_test,6.18
264_test,49.17
265_test,9.99
266_test,60.55
267_test,8.72
268_test,8.72
269_test,8.72
270_test,18.11
271_test,8.72
272_test,11.67
273_test,8.72
274_test,42.95
275_test,44.52
276_test,8.72
277_test,75.89
278_test,31.56
279_test,7.81
280_test,11.67
281_test,7.81
282_test,234.04
283_test,8.72
284_test,8.72
285_test,8.72
286_test,35.31
287_test,131.11
288_test,18.19
289_test,42.48
290_test,7.81
291_test,9.99
292_test,7.81
293_test,62.41
294_test,14.76
295_test,8.72
296_test,18.19
297_test,126.82
298_test,8.72
299_test,7.81
300_test,82.40
301_test,21.06
302_test,7.81
303_test,92.52
304_test,6.18
305_test,23.34
306_test,141.60
307_test,8.72
308_test,7.81
309_test,45.84
310_test,21.28
311_test,52.38
312_test,6.18
313_test,13.94
314_test,14.76
315_test,7.81
316_test,53.05
317_test,53.06
318_test,7.81
319_test,8.72
320_test,7.81
321_test,15.66
322_test,8.72
323_test,8.72
324_test,8.72
325_test,7.01
326_test,42.82
327_test,27.39
328_test,8.72
329_test,69.41
330_test,8.72
331_test,8.72
332_test,142.51
333_test,18.88
334_test,9.99
335_test,22.23
336_test,21.28
337_test,78.82
338_test,19.10
339_test,8.72
340_test,8.72
341_test,19.10
342_test,15.66
343_test,94.08
344_test,11.67
345_test,6.18
346_test,7.81
347_test,19.10
348_test,8.72
349_test,6.18
350_test,8.72
351_test,64.19
352_test,52.38
353_test,8.72
354_test,19.10
355_test,8.72
356_test,55.34
357_test,44.52
358_test,14.03
359_test,7.81
360_test,526.11
361_test,7.81
362_test,7.81
363_test,8.72
364_test,16.21
365_test,7.81
366_test,8.72
367_test,8.72
368_test,8.72
369_test,189.03
370_test,8.72
371_test,8.72
372_test,18.11
373_test,19.10
374_test,7.81
375_test,21.28
376_test,19.10
377_test,6.18
378_test,8.72
379_test,42.26
380_test,8.72
381_test,19.10
382_test,8.72
383_test,47.33
384_test,44.52
385_test,184.49
386_test,7.01
387_test,7.81
388_test,7.81
389_test,87.71
390_test,15.50
391_test,25.63
392_test,7.81
393_test,52.38
394_test,44.52
395_test,19.10
396_test,19.10
397_test,8.72
398_test,8.72
399_test,14.76
400_test,22.38
401_test,34.62
402_test,6.18
403_test,8.72
404_test,8.72
405_test,6.18
406_test,8.72
407_test,6.18
408_test,12.62
409_test,7.81
410_test,6.18
411_test,8.72
412_test,42.82
413_test,44.52
414_test,698.32
415_test,7.81
416_test,20.95
417_test,7.81
418_test,8.72
419_test,11.26
420_test,23.53
421_test,62.41
422_test,479.92
423_test,7.81
424_test,181.21
425_test,7.81
426_test,7.81
427_test,8.72
428_test,106.27
429_test,60.63
430_test,13.94
431_test,31.56
432_test,19.10
433_test,64.00
434_test,476.85
435_test,14.76
436_test,62.41
437_test,14.76
438_test,20.37
439_test,18.11
440_test,8.72
441_test,82.82
442_test,68.07
443_test,8.72
444_test,7.81
445_test,44.52
446_test,7.81
447_test,18.21
448_test,22.62
449_test,20.33
450_test,7.81
451_test,7.81
452_test,7.81
453_test,8.72
454_test,520.37
455_test,21.57
456_test,7.81
457_test,8.72
458_test,18.19
459_test,6.18
460_test,16.94
461_test,19.10
462_test,8.72
463_test,51.07
464_test,8.72
465_test,7.81
466_test,44.52
467_test,8.84
468_test,8.72
469_test,18.11
470_test,7.81
471_test,7.81
472_test,70.72
473_test,16.94
474_test,57.48
475_test,8.72
476_test,31.56
477_test,9.08
478_test,14.76
479_test,30.90
480_test,19.10
481_test,18.11
482_test,8.72
483_test,7.81
484_test,8.72
485_test,8.72
486_test,19.10
487_test,6.18
488_test,45.84
489_test,6.18
490_test,16.41
491_test,7.81
492_test,19.10
493_test,7.81
494_test,14.76
495_test,8.72
496_test,6.18
497_test,44.52
498_test,7.81
499_test,8.72
500_test,7.81
501_test,8.72
502_test,19.10
503_test,19.10
504_test,44.52
505_test,7.81
506_test,6.18
507_test,8.72
508_test,31.75
509_test,44.52
510_test,42.47
511_test,68.94
512_test,16.94
513_test,19.10
514_test,100.83
515_test,44.52
516_test,21.57
517_test,44.52
518_test,6.18
519_test,14.76
520_test,18.19
521_test,15.66
522_test,20.37
523_test,52.38
524_test,18.11
525_test,18.19
526_test,52.38
527_test,54.56
528_test,25.39
529_test,13.04
530_test,8.72
531_test,44.52
532_test,13.13
533_test,6.18
534_test,8.72
535_test,27.80
536_test,21.28
537_test,19.10
538_test,44.52
539_test,6.18
540_test,44.52
541_test,44.52
542_test,28.19
543_test,8.72
544_test,8.72
545_test,11.41
546_test,28.19
547_test,220.76
548_test,19.29
549_test,28.19
550_test,8.72
551_test,0.00
552_test,52.38
553_test,15.66
554_test,18.19
555_test,8.72
556_test,42.95
557_test,8.72
558_test,13.94
559_test,8.72
560_test,15.66
561_test,44.52
562_test,23.53
563_test,8.72
564_test,18.11
565_test,8.72
566_test,21.90
567_test,6.18
568_test,6.18
569_test,28.19
570_test,181.66
571_test,15.66
572_test,403.04
573_test,8.72
574_test,19.10
575_test,44.52
576_test,6.18
577_test,8.72
578_test,44.52
579_test,6.18
580_test,100.18
581_test,44.52
582_test,42.82
583_test,52.38
584_test,365.67
585_test,9.99
586_test,54.56
587_test,74.19
588_test,7.81
589_test,19.29
590_test,6.18
591_test,6.18
592_test,22.23
593_test,8.72
594_test,11.67
595_test,8.72
596_test,7.81
597_test,18.11
598_test,7.81
599_test,8.72
600_test,43.86
601_test,23.34
602_test,7.81
603_test,54.56
604_test,14.51
605_test,18.19
606_test,11.67
607_test,20.33
608_test,18.11
609_test,7.81
610_test,8.72
611_test,6.18
612_test,7.81
613_test,31.11
614_test,19.10
615_test,23.81
616_test,14.03
617_test,8.72
618_test,23.53
619_test,19.89
620_test,8.72
621_test,19.98
622_test,44.52
623_test,7.81
624_test,8.72
625_test,54.56
626_test,19.10
627_test,18.11
628_test,21.28
629_test,8.72
630_test,8.72
631_test,9.99
632_test,20.99
633_test,22.62
634_test,34.22
635_test,7.81
636_test,19.10
637_test,19.10
638_test,45.84
639_test,8.72
640_test,21.17
641_test,21.28
642_test,8.72
643_test,0.00
644_test,20.55
645_test,42.48
646_test,9.50
647_test,8.72
648_test,7.81
649_test,8.72
650_test,7.81
651_test,8.72
652_test,15.66
653_test,15.66
654_test,8.72
655_test,53.05
656_test,44.52
657_test,23.53
658_test,23.53
659_test,44.52
660_test,50.97
661_test,8.72
662_test,19.10
663_test,14.76
664_test,7.81
665_test,8.72
666_test,7.81
667_test,7.81
668_test,19.10
669_test,15.66
670_test,6.18
671_test,53.40
672_test,44.52
673_test,8.72
674_test,8.72
675_test,14.76
676_test,8.72
677_test,7.81
678_test,7.81
679_test,7.81
680_test,7.81
681_test,115.68
682_test,14.56
683_test,14.76
684_test,17.64
685_test,8.72
686_test,6.18
687_test,18.19
688_test,7.81
689_test,8.72
690_test,8.72
691_test,8.72
692_test,7.81
693_test,52.38
694_test,8.72
695_test,44.52
696_test,44.52
697_test,8.72
698_test,19.39
699_test,11.67
700_test,43.39
701_test,62.41
702_test,6.18
703_test,33.98
704_test,8.72
705_test,44.52
706_test,8.72
707_test,15.66
708_test,11.67
709_test,52.38
710_test,6.18
711_test,7.81
712_test,8.72
713_test,7.81
714_test,49.25
715_test,8.72
716_test,18.88
717_test,16.50
718_test,7.81
719_test,6.18
720_test,6.18
721_test,8.72
722_test,15.65
723_test,8.72
724_test,52.38
725_test,68.23
726_test,19.10
727_test,19.12
728_test,21.28
729_test,7.81
730_test,8.72
731_test,14.76
732_test,21.28
733_test,52.38
734_test,23.77
735_test,8.72
736_test,8.72
737_test,13.13
738_test,54.56
739_test,7.46
740_test,22.23
741_test,18.11
742_test,6.18
743_test,7.77
744_test,44.52
745_test,45.84
746_test,54.56
747_test,19.10
748_test,19.10
749_test,18.11
750_test,9.48
751_test,18.87
752_test,7.81
753_test,7.81
754_test,7.81
755_test,78.82
756_test,8.72
757_test,12.17
758_test,6.18
759_test,78.44
760_test,52.38
761_test,57.22
762_test,42.47
763_test,14.76
764_test,44.52
765_test,44.52
766_test,8.72
767_test,7.81
768_test,6.18
769_test,8.72
770_test,8.72
771_test,51.80
772_test,8.72
773_test,51.54
774_test,14.76
775_test,53.05
776_test,7.81
777_test,19.10
778_test,44.52
779_test,8.72
780_test,7.81
781_test,8.72
782_test,8.72
783_test,16.41
784_test,7.81
785_test,14.76
786_test,8.72
787_test,13.94
788_test,7.81
789_test,19.10
790_test,19.10
791_test,100.67
792_test,7.81
793_test,8.72
794_test,8.72
795_test,7.81
796_test,42.48
797_test,19.10
798_test,87.33
799_test,8.72
800_test,8.72
801_test,126.18
802_test,72.25
803_test,21.28
804_test,27.80
805_test,151.83
806_test,19.29
807_test,44.52
808_test,21.28
809_test,165.83
810_test,8.72
811_test,8.72
812_test,18.11
813_test,8.72
814_test,18.11
815_test,8.72
816_test,11.41
817_test,10.86
818_test,8.72
819_test,387.21
820_test,8.72
821_test,8.72
822_test,18.11
823_test,18.11
824_test,19.10
825_test,8.72
826_test,8.72
827_test,8.72
828_test,15.66
829_test,8.72
830_test,8.72
831_test,19.10
832_test,8.72
833_test,19.39
834_test,23.81
835_test,24.80
836_test,8.72
837_test,8.72
838_test,19.10
839_test,8.72
840_test,52.38
841_test,7.81
842_test,15.66
843_test,7.81
844_test,6.18
845_test,19.10
846_test,8.72
847_test,9.08
848_test,6.18
849_test,19.10
850_test,8.72
851_test,8.72
852_test,54.56
853_test,44.52
854_test,138.44
855_test,51.54
856_test,54.56
857_test,11.61
858_test,44.52
859_test,90.16
860_test,24.80
861_test,8.72
862_test,6.18
863_test,54.56
864_test,44.52
865_test,14.76
866_test,6.18
867_test,7.81
868_test,7.57
869_test,14.76
870_test,45.84
871_test,6.18
872_test,19.10
873_test,8.72
874_test,8.72
875_test,8.72
876_test,18.19
877_test,14.56
878_test,54.56
879_test,8.72
880_test,6.18
881_test,18.19
882_test,13.94
883_test,54.56
884_test,6.18
885_test,8.72
886_test,44.52
887_test,7.81
888_test,67.37
889_test,8.72
890_test,44.52
891_test,7.81
892_test,7.81
893_test,44.52
894_test,8.72
895_test,18.11
896_test,8.72
897_test,21.28
898_test,44.52
899_test,8.72
900_test,8.72
901_test,20.38
902_test,19.10
903_test,8.72
904_test,44.52
905_test,64.32
906_test,44.52
907_test,8.72
908_test,7.81
909_test,42.82
910_test,8.72
911_test,7.81
912_test,11.67
913_test,15.66
914_test,8.72
915_test,21.28
916_test,13.94
917_test,6.18
918_test,8.72
919_test,6.18
920_test,14.76
921_test,8.72
922_test,15.66
923_test,8.72
924_test,7.81
925_test,153.47
926_test,8.72
927_test,8.72
928_test,44.52
929_test,7.81
930_test,7.01
931_test,6.18
932_test,7.81
933_test,44.52
934_test,7.81
935_test,68.07
936_test,42.48
937_test,14.76
938_test,8.72
939_test,18.19
940_test,23.53
941_test,19.10
942_test,21.28
943_test,8.72
944_test,33.39
945_test,7.81
946_test,8.72
947_test,10.86
948_test,112.01
949_test,8.72
950_test,8.72
951_test,68.07
952_test,8.72
953_test,7.46
954_test,7.81
955_test,21.17
956_test,18.19
957_test,8.72
958_test,8.72
959_test,21.57
960_test,33.61
961_test,52.38
962_test,21.28
963_test,10.27
964_test,78.82
965_test,21.28
966_test,22.62
967_test,23.81
968_test,18.11
969_test,7.81
970_test,45.84
971_test,8.72
972_test,24.80
973_test,7.81
974_test,37.77
975_test,8.72
976_test,7.81
977_test,8.72
978_test,7.81
979_test,7.81
980_test,7.81
981_test,6.18
982_test,8.72
983_test,19.10
984_test,44.52
985_test,93.44
986_test,7.81
987_test,8.72
988_test,7.81
989_test,7.57
990_test,7.99
991_test,34.22
992_test,19.10
993_test,16.03
994_test,7.81
995_test,7.81
996_test,57.22
997_test,7.81
998_test,65.24
999_test,7.81
1000_test,7.81
1001_test,19.10
1002_test,235.06
1003_test,8.72
1004_test,6.18
1005_test,18.11
1006_test,8.72
1007_test,7.46
1008_test,44.52
1009_test,8.72
1010_test,6.18
1011_test,8.72
1012_test,6.18
1013_test,21.54
1014_test,42.48
1015_test,54.56
1016_test,19.29
1017_test,42.47
1018_test,13.94
1019_test,7.81
1020_test,8.72
1021_test,8.72
1022_test,8.72
1023_test,36.19
1024_test,8.72
1025_test,14.76
1026_test,17.81
1027_test,54.43
1028_test,8.72
1029_test,15.66
1030_test,19.10
1031_test,8.72
1032_test,100.94
1033_test,8.72
1034_test,7.81
1035_test,14.76
1036_test,54.56
1037_test,12.17
1038_test,7.77
1039_test,12.62
1040_test,7.81
1041_test,44.52
1042_test,7.81
1043_test,18.11
1044_test,8.72
1045_test,9.80
1046_test,8.72
1047_test,19.10
1048_test,8.72
1049_test,7.81
1050_test,21.28
1051_test,42.82
1052_test,8.72
1053_test,7.81
1054_test,62.41
1055_test,23.53
1056_test,52.38
1057_test,8.72
1058_test,20.37
1059_test,8.72
1060_test,8.72
1061_test,8.72
1062_test,7.81
1063_test,6.18
1064_test,7.81
1065_test,6.18
1066_test,11.67
1067_test,8.72
1068_test,9.99
1069_test,8.72
1070_test,23.53
1071_test,8.72
1072_test,8.72
1073_test,74.86
1074_test,7.81
1075_test,6.18
1076_test,8.72
1077_test,8.72
1078_test,8.72
1079_test,19.10
1080_test,8.72
1081_test,7.81
1082_test,52.38
1083_test,15.66
1084_test,8.72
1085_test,19.10
1086_test,8.72
1087_test,19.10
1088_test,8.72
1089_test,8.72
1090_test,54.56
1091_test,22.23
1092_test,15.66
1093_test,8.72
1094_test,12.17
1095_test,8.72
1096_test,7.81
1097_test,8.72
1098_test,21.28
1099_test,15.66
1100_test,23.53
1101_test,18.19
1102_test,21.28
1103_test,22.23
1104_test,18.11
1105_test,18.11
1106_test,7.81
1107_test,24.80
1108_test,7.81
1109_test,18.11
1110_test,18.11
1111_test,8.72
1112_test,9.99
1113_test,7.77
1114_test,14.76
1115_test,7.99
1116_test,7.81
1117_test,8.72
1118_test,9.99
1119_test,8.72
1120_test,65.24
1121_test,0.00
1122_test,9.23
1123_test,48.29
1124_test,18.11
1125_test,8.72
1126_test,43.39
1127_test,7.81
1128_test,7.81
1129_test,9.99
1130_test,8.72
1131_test,8.72
1132_test,13.94
1133_test,14.01
1134_test,8.72
1135_test,44.52
1136_test,7.81
1137_test,8.72
1138_test,20.37
1139_test,10.74
1140_test,44.52
1141_test,7.81
1142_test,9.99
1143_test,7.81
1144_test,6.18
1145_test,11.67
1146_test,14.76
1147_test,18.19
1148_test,8.72
1149_test,17.42
1150_test,7.81
1151_test,8.72
1152_test,9.08
1153_test,19.10
1154_test,8.72
1155_test,6.18
1156_test,7.77
1157_test,18.11
1158_test,8.72
1159_test,21.28
1160_test,19.10
1161_test,7.81
1162_test,9.96
1163_test,19.10
1164_test,8.72
1165_test,9.99
1166_test,55.34
1167_test,18.19
1168_test,8.72
1169_test,95.12
1170_test,22.23
1171_test,7.81
1172_test,8.72
1173_test,18.19
1174_test,19.10
1175_test,8.72
1176_test,8.72
1177_test,7.81
1178_test,14.76
1179_test,7.81
1180_test,44.52
1181_test,42.90
1182_test,7.81
1183_test,9.23
1184_test,18.11
1185_test,8.72
1186_test,15.66
1187_test,7.81
1188_test,8.29
1189_test,8.72
1190_test,242.32
1191_test,64.32
1192_test,8.72
1193_test,108.67
1194_test,42.82
1195_test,8.72
1196_test,21.28
1197_test,8.72
1198_test,8.72
1199_test,20.95
1200_test,90.16
1201_test,56.52
1202_test,14.76
1203_test,8.72
1204_test,7.81
1205_test,43.39
1206_test,18.19
1207_test,15.66
1208_test,15.66
1209_test,17.95
1210_test,44.52
1211_test,19.10
1212_test,44.52
1213_test,7.81
1214_test,14.76
1215_test,8.72
1216_test,44.52
1217_test,9.99
1218_test,7.81
1219_test,23.34
1220_test,8.72
1221_test,7.81
1222_test,15.66
1223_test,389.71
1224_test,15.66
1225_test,14.01
1226_test,6.18
1227_test,8.72
1228_test,18.11
1229_test,7.81
1230_test,44.52
1231_test,8.72
1232_test,52.38
1233_test,44.52
1234_test,7.81
1235_test,7.81
1236_test,8.72
1237_test,13.94
1238_test,7.81
1239_test,8.72
1240_test,8.72
1241_test,9.99
1242_test,6.18
1243_test,5.05
1244_test,22.23
1245_test,13.04
1246_test,8.72
1247_test,43.39
1248_test,45.84
1249_test,11.67
1250_test,21.28
1251_test,8.72
1252_test,8.72
1253_test,23.53
1254_test,8.72
1255_test,6.18
1256_test,54.43
1257_test,8.72
1258_test,19.10
1259_test,8.29
1260_test,44.52
1261_test,47.33
1262_test,7.81
1263_test,16.85
1264_test,8.72
1265_test,8.72
1266_test,19.29
1267_test,7.81
1268_test,126.18
1269_test,262.45
1270_test,8.72
1271_test,8.48
1272_test,8.72
1273_test,7.81
1274_test,64.00
1275_test,8.72
1276_test,6.18
1277_test,7.81
1278_test,8.72
1279_test,8.72
1280_test,8.72
1281_test,7.81
1282_test,44.52
1283_test,8.72
1284_test,7.81
1285_test,14.76
1286_test,8.72
1287_test,19.10
1288_test,45.76
1289_test,9.50
1290_test,8.72
1291_test,7.81
1292_test,6.18
1293_test,62.41
1294_test,8.72
1295_test,7.81
1296_test,42.82
1297_test,19.10
1298_test,18.40
1299_test,14.76
1300_test,7.81
1301_test,7.81
1302_test,45.84
1303_test,13.04
1304_test,8.72
1305_test,8.72
1306_test,44.52
1307_test,8.72
1308_test,8.72
1309_test,8.72
1310_test,8.72
1311_test,8.72
1312_test,8.72
1313_test,8.72
1314_test,8.72
1315_test,495.97
1316_test,6.18
1317_test,14.76
1318_test,13.04
1319_test,22.62
1320_test,9.08
1321_test,13.13
1322_test,55.34
1323_test,18.11
1324_test,21.28
1325_test,8.72
1326_test,8.72
1327_test,8.72
1328_test,24.80
1329_test,8.72
1330_test,52.38
1331_test,44.52
1332_test,44.52
1333_test,22.38
1334_test,18.11
1335_test,7.81
1336_test,6.18
1337_test,15.50
1338_test,7.81
1339_test,7.81
1340_test,8.72
1341_test,21.28
1342_test,132.79
1343_test,278.36
1344_test,13.94
1345_test,96.03
1346_test,21.28
1347_test,8.72
1348_test,28.67
1349_test,72.25
1350_test,13.94
1351_test,7.81
1352_test,8.72
1353_test,18.11
1354_test,7.81
1355_test,17.64
1356_test,20.37
1357_test,8.72
1358_test,6.18
1359_test,45.76
1360_test,6.18
1361_test,44.52
1362_test,20.33
1363_test,8.72
1364_test,44.52
1365_test,13.94
1366_test,23.81
1367_test,8.72
1368_test,8.72
1369_test,15.66
1370_test,8.72
1371_test,21.28
1372_test,18.11
1373_test,8.72
1374_test,8.72
1375_test,8.72
1376_test,44.52
1377_test,7.81
1378_test,8.72
1379_test,8.72
1380_test,44.52
1381_test,8.72
1382_test,52.38
1383_test,45.84
1384_test,8.72
1385_test,17.95
1386_test,52.38
1387_test,32.84
1388_test,178.04
1389_test,16.74
1390_test,15.66
1391_test,13.94
1392_test,6.18
1393_test,19.10
1394_test,18.11
1395_test,44.52
1396_test,14.76
1397_test,18.11
1398_test,8.72
1399_test,54.56
1400_test,7.81
1401_test,23.53
1402_test,8.72
1403_test,7.81
1404_test,8.72
1405_test,15.79
1406_test,18.19
1407_test,7.81
1408_test,44.52
1409_test,31.11
1410_test,42.95
1411_test,44.52
1412_test,8.72
1413_test,7.81
1414_test,8.72
1415_test,8.72
1416_test,9.96
1417_test,62.41
1418_test,10.86
1419_test,14.56
1420_test,54.56
1421_test,37.44
1422_test,7.81
1423_test,44.52
1424_test,18.11
1425_test,8.72
1426_test,8.72
1427_test,18.11
1428_test,19.10
1429_test,235.06
1430_test,72.25
1431_test,19.10
1432_test,8.72
1433_test,74.93
1434_test,44.52
1435_test,45.84
1436_test,55.09
1437_test,182.70
1438_test,106.45
1439_test,7.81
1440_test,8.72
1441_test,23.81
1442_test,8.72
1443_test,7.81
1444_test,8.72
1445_test,44.52
1446_test,7.81
1447_test,20.37
1448_test,54.56
1449_test,44.52
1450_test,18.87
1451_test,14.76
1452_test,8.72
1453_test,7.81
1454_test,8.72
1455_test,23.64
1456_test,6.18
1457_test,7.81
1458_test,7.81
1459_test,8.72
1460_test,8.72
1461_test,44.52
1462_test,13.94
1463_test,7.81
1464_test,8.72
1465_test,15.66
1466_test,8.72
1467_test,7.81
1468_test,7.01
1469_test,22.23
1470_test,8.72
1471_test,7.81
1472_test,44.52
1473_test,23.53
1474_test,20.95
1475_test,8.72
1476_test,8.72
1477_test,10.04
1478_test,8.72
1479_test,8.72
1480_test,7.81
1481_test,8.72
1482_test,8.72
1483_test,56.09
1484_test,268.90
1485_test,8.72
1486_test,19.10
1487_test,8.72
1488_test,227.84
1489_test,8.72
1490_test,28.67
1491_test,18.11
1492_test,7.81
1493_test,8.72
1494_test,20.37
1495_test,18.11
1496_test,7.81
1497_test,7.81
1498_test,10.04
1499_test,15.66
1500_test,145.68
1501_test,44.52
1502_test,8.72
1503_test,8.72
1504_test,19.10
1505_test,359.49
1506_test,44.52
1507_test,44.52
1508_test,8.72
1509_test,16.41
1510_test,6.18
1511_test,8.72
1512_test,16.75
1513_test,10.04
1514_test,8.72
1515_test,78.44
1516_test,8.72
1517_test,18.19
1518_test,62.41
1519_test,7.81
1520_test,8.72
1521_test,22.23
1522_test,8.72
1523_test,21.57
1524_test,44.52
1525_test,54.56
1526_test,54.56
1527_test,19.10
1528_test,6.18
1529_test,8.72
1530_test,25.71
1531_test,18.19
1532_test,8.72
1533_test,215.54
1534_test,53.38
1535_test,8.72
1536_test,7.81
1537_test,8.72
1538_test,18.11
1539_test,7.81
1540_test,18.11
1541_test,9.99
1542_test,13.94
1543_test,7.81
1544_test,7.81
1545_test,9.50
1546_test,6.18
1547_test,15.66
1548_test,18.19
1549_test,8.72
1550_test,7.81
1551_test,7.81
1552_test,45.84
1553_test,8.72
1554_test,15.66
1555_test,21.28
1556_test,10.04
1557_test,8.72
1558_test,20.37
1559_test,19.10
1560_test,18.11
1561_test,14.56
1562_test,6.18
1563_test,8.72
1564_test,18.11
1565_test,8.72
1566_test,7.81
1567_test,19.10
1568_test,19.10
1569_test,8.72
1570_test,52.38
1571_test,20.38
1572_test,18.11
1573_test,8.72
1574_test,8.72
1575_test,9.99
1576_test,18.11
1577_test,8.72
1578_test,7.46
1579_test,7.81
1580_test,230.28
1581_test,8.72
1582_test,8.72
1583_test,8.72
1584_test,21.28
1585_test,78.83
1586_test,8.72
1587_test,8.72
1588_test,21.28
1589_test,106.33
1590_test,44.52
1591_test,64.23
1592_test,14.76
1593_test,78.25
1594_test,19.10
1595_test,18.11
1596_test,9.99
1597_test,8.72
1598_test,44.52
1599_test,7.81
1600_test,44.52
1601_test,15.66
1602_test,7.81
1603_test,8.72
1604_test,92.52
1605_test,24.03
1606_test,10.04
1607_test,7.81
1608_test,18.11
1609_test,42.95
1610_test,14.76
1611_test,8.72
1612_test,8.72
1613_test,44.52
1614_test,8.72
1615_test,18.19
1616_test,154.36
1617_test,19.10
1618_test,6.18
1619_test,19.98
1620_test,13.13
1621_test,23.34
1622_test,8.72
1623_test,52.38
1624_test,14.76
1625_test,7.81
1626_test,8.72
1627_test,52.38
1628_test,20.37
1629_test,6.18
1630_test,44.52
1631_test,13.94
1632_test,39.17
1633_test,7.81
1634_test,7.01
1635_test,12.62
1636_test,6.18
1637_test,18.11
1638_test,28.19
1639_test,8.72
1640_test,19.10
1641_test,8.72
1642_test,15.66
1643_test,8.72
1644_test,8.72
1645_test,7.81
1646_test,21.28
1647_test,8.72
1648_test,19.10
1649_test,7.81
1650_test,15.66
1651_test,18.19
1652_test,21.28
1653_test,52.38
1654_test,6.18
1655_test,7.81
1656_test,7.81
1657_test,7.81
1658_test,8.72
1659_test,21.28
1660_test,6.18
1661_test,18.11
1662_test,11.67
1663_test,81.27
1664_test,8.72
1665_test,6.18
1666_test,42.82
1667_test,13.04
1668_test,7.81
1669_test,42.16
1670_test,8.72
1671_test,8.72
1672_test,8.72
1673_test,8.72
1674_test,15.66
1675_test,44.52
1676_test,7.01
1677_test,44.52
1678_test,44.52
1679_test,7.81
1680_test,22.62
1681_test,6.18
1682_test,54.56
1683_test,8.72
1684_test,8.72
1685_test,14.76
1686_test,7.81
1687_test,399.44
1688_test,44.52
1689_test,19.10
1690_test,8.72
1691_test,55.81
1692_test,44.52
1693_test,7.81
1694_test,7.81
1695_test,22.23
1696_test,7.81
1697_test,8.72
1698_test,7.81
1699_test,10.04
1700_test,19.10
1701_test,19.43
1702_test,16.21
1703_test,8.72
1704_test,52.38
1705_test,7.81
1706_test,44.52
1707_test,14.76
1708_test,8.72
1709_test,18.11
1710_test,11.41
1711_test,70.72
1712_test,8.72
1713_test,8.72
1714_test,15.66
1715_test,19.10
1716_test,18.11
1717_test,76.64
1718_test,19.10
1719_test,19.10
1720_test,7.81
1721_test,18.11
1722_test,9.99
1723_test,72.25
1724_test,19.10
1725_test,14.05
1726_test,18.88
1727_test,119.14
1728_test,42.47
1729_test,13.04
1730_test,8.72
1731_test,6.18
1732_test,19.29
1733_test,8.72
1734_test,55.09
1735_test,6.18
1736_test,8.72
1737_test,8.72
1738_test,11.41
1739_test,7.81
1740_test,8.72
1741_test,8.72
1742_test,7.81
1743_test,8.72
1744_test,8.72
1745_test,8.72
1746_test,15.66
1747_test,19.10
1748_test,8.72
1749_test,39.45
1750_test,14.76
1751_test,55.09
1752_test,18.11
1753_test,8.72
1754_test,43.86
1755_test,9.99
1756_test,53.38
1757_test,7.81
1758_test,19.10
1759_test,8.72
1760_test,7.81
1761_test,18.11
1762_test,23.34
1763_test,8.72
1764_test,44.52
1765_test,18.11
1766_test,9.99
1767_test,14.42
1768_test,7.81
1769_test,8.72
1770_test,19.10
1771_test,8.72
1772_test,44.52
1773_test,8.72
1774_test,6.18
1775_test,54.56
1776_test,7.81
1777_test,8.72
1778_test,28.19
1779_test,8.72
1780_test,57.22
1781_test,75.02
1782_test,107.86
1783_test,8.72
1784_test,76.64
1785_test,19.10
1786_test,14.76
1787_test,55.34
1788_test,18.88
1789_test,12.94
1790_test,8.72
1791_test,14.76
1792_test,8.72
1793_test,13.19
1794_test,78.82
1795_test,14.76
1796_test,15.66
1797_test,7.81
1798_test,15.66
1799_test,7.81
1800_test,8.72
1801_test,7.81
1802_test,54.56
1803_test,7.81
1804_test,62.41
1805_test,18.11
1806_test,8.72
1807_test,16.52
1808_test,18.11
1809_test,8.72
1810_test,8.72
1811_test,7.81
1812_test,492.77
1813_test,8.72
1814_test,8.72
1815_test,44.52
1816_test,11.67
1817_test,7.81
1818_test,19.39
1819_test,44.52
1820_test,8.72
1821_test,10.74
1822_test,8.72
1823_test,11.41
1824_test,129.53
1825_test,7.81
1826_test,7.81
1827_test,26.48
1828_test,8.72
1829_test,7.81
1830_test,76.64
1831_test,7.81
1832_test,8.72
1833_test,8.72
1834_test,8.72
1835_test,42.82
1836_test,8.72
1837_test,8.72
1838_test,96.20
1839_test,8.72
1840_test,8.72
1841_test,52.89
1842_test,70.38
1843_test,8.72
1844_test,7.81
1845_test,8.72
1846_test,14.56
1847_test,72.25
1848_test,7.81
1849_test,7.81
1850_test,25.71
1851_test,21.28
1852_test,44.52
1853_test,8.72
1854_test,6.18
1855_test,18.11
1856_test,15.66
1857_test,7.81
1858_test,18.19
1859_test,8.72
1860_test,89.96
1861_test,68.23
1862_test,8.72
1863_test,7.81
1864_test,67.78
1865_test,19.10
1866_test,31.84
1867_test,20.95
1868_test,49.25
1869_test,20.95
1870_test,18.19
1871_test,14.76
1872_test,31.84
1873_test,6.18
1874_test,9.99
1875_test,19.10
1876_test,18.19
1877_test,20.14
1878_test,43.28
1879_test,7.81
1880_test,14.76
1881_test,14.76
1882_test,18.19
1883_test,7.81
1884_test,267.31
1885_test,8.72
1886_test,6.18
1887_test,15.66
1888_test,8.72
1889_test,14.90
1890_test,8.72
1891_test,31.56
1892_test,383.90
1893_test,43.39
1894_test,42.47
1895_test,8.72
1896_test,16.94
1897_test,7.81
1898_test,44.61
1899_test,7.81
1900_test,7.81
1901_test,19.10
1902_test,8.72
1903_test,18.11
1904_test,21.28
1905_test,19.10
1906_test,7.81
1907_test,15.66
1908_test,16.75
1909_test,23.34
1910_test,175.73
1911_test,21.28
1912_test,7.81
1913_test,8.72
1914_test,8.72
1915_test,7.81
1916_test,7.81
1917_test,18.88
1918_test,44.52
1919_test,18.11
1920_test,52.38
1921_test,13.45
1922_test,18.11
1923_test,7.81
1924_test,8.72
1925_test,15.66
1926_test,8.72
1927_test,14.76
1928_test,52.38
1929_test,162.34
1930_test,115.68
1931_test,6.18
1932_test,19.39
1933_test,21.28
1934_test,18.11
1935_test,6.18
1936_test,6.18
1937_test,8.72
1938_test,6.18
1939_test,12.17
1940_test,13.04
1941_test,13.45
1942_test,19.39
1943_test,19.10
1944_test,6.18
1945_test,7.81
1946_test,15.79
1947_test,14.76
1948_test,7.81
1949_test,9.08
1950_test,8.72
1951_test,181.21
1952_test,6.18
1953_test,42.48
1954_test,52.38
1955_test,8.72
1956_test,6.18
1957_test,7.81
1958_test,13.04
1959_test,8.72
1960_test,8.72
1961_test,94.32
1962_test,8.72
1963_test,6.18
1964_test,7.81
1965_test,175.93
1966_test,7.81
1967_test,20.37
1968_test,8.72
1969_test,6.18
1970_test,55.09
1971_test,158.10
1972_test,7.81
1973_test,67.59
1974_test,26.54
1975_test,23.34
1976_test,45.84
1977_test,52.38
1978_test,14.76
1979_test,7.81
1980_test,8.72
1981_test,7.81
1982_test,8.72
1983_test,44.52
1984_test,9.99
1985_test,7.81
1986_test,44.52
1987_test,7.81
1988_test,14.76
1989_test,8.72
1990_test,7.81
1991_test,14.76
1992_test,7.81
1993_test,78.82
1994_test,11.41
1995_test,18.11
1996_test,19.10
1997_test,44.52
1998_test,7.01
1999_test,52.38
2000_test,20.33
2001_test,15.66
2002_test,6.18
2003_test,44.52
2004_test,7.81
2005_test,15.66
2006_test,19.39
2007_test,8.84
2008_test,134.19
2009_test,8.72
2010_test,21.28
2011_test,145.12
2012_test,64.00
2013_test,53.96
2014_test,54.56
2015_test,8.72
2016_test,18.11
2017_test,19.29
2018_test,21.57
2019_test,8.72
2020_test,10.83
2021_test,7.81
2022_test,44.52
2023_test,19.39
2024_test,19.39
2025_test,30.90
2026_test,7.81
2027_test,69.57
2028_test,10.74
2029_test,44.52
2030_test,31.56
2031_test,50.71
2032_test,52.38
2033_test,6.18
2034_test,44.52
2035_test,44.52
2036_test,7.81
2037_test,8.72
2038_test,18.11
2039_test,7.81
2040_test,8.72
2041_test,8.72
2042_test,23.53
2043_test,8.72
2044_test,7.81
2045_test,11.67
2046_test,6.18
2047_test,8.72
2048_test,8.72
2049_test,19.29
2050_test,8.72
2051_test,7.81
2052_test,16.39
2053_test,7.81
2054_test,8.72
2055_test,8.72
2056_test,8.72
2057_test,115.69
2058_test,19.39
2059_test,15.66
2060_test,10.74
2061_test,8.72
2062_test,14.56
2063_test,18.11
2064_test,52.38
2065_test,8.72
2066_test,15.66
2067_test,9.99
2068_test,19.39
2069_test,19.10
2070_test,18.19
2071_test,19.10
2072_test,13.94
2073_test,31.56
2074_test,8.72
2075_test,42.47
2076_test,44.52
2077_test,45.84
2078_test,7.81
2079_test,34.22
2080_test,8.72
2081_test,7.81
2082_test,19.10
2083_test,18.11
2084_test,18.19
2085_test,9.99
2086_test,8.72
2087_test,19.10
2088_test,19.10
2089_test,9.08
2090_test,6.18
2091_test,8.72
2092_test,18.19
2093_test,44.52
2094_test,7.81
2095_test,19.39
2096_test,7.81
2097_test,6.18
2098_test,21.28
2099_test,19.10
2100_test,8.72
2101_test,8.72
2102_test,6.18
2103_test,15.66
2104_test,8.72
2105_test,7.81
2106_test,11.67
2107_test,62.41
2108_test,13.94
2109_test,20.34
2110_test,8.72
2111_test,8.72
2112_test,43.39
2113_test,8.72
2114_test,6.18
2115_test,14.76
2116_test,129.80
2117_test,44.52
2118_test,8.72
2119_test,42.16
2120_test,19.10
2121_test,7.81
2122_test,7.99
2123_test,13.13
2124_test,7.81
2125_test,7.81
2126_test,18.11
2127_test,7.81
2128_test,16.74
2129_test,13.13
2130_test,21.28
2131_test,15.66
2132_test,114.52
2133_test,10.86
2134_test,14.76
2135_test,19.10
2136_test,21.04
2137_test,7.81
2138_test,7.81
2139_test,44.52
2140_test,7.81
2141_test,44.52
2142_test,55.34
2143_test,7.81
2144_test,8.72
2145_test,227.84
2146_test,6.18
2147_test,11.67
2148_test,7.81
2149_test,8.72
2150_test,13.13
2151_test,9.08
2152_test,8.72
2153_test,8.72
2154_test,18.40
2155_test,18.11
2156_test,97.07
2157_test,9.99
2158_test,7.81
2159_test,8.72
2160_test,33.39
2161_test,8.72
2162_test,8.72
2163_test,8.72
2164_test,8.72
2165_test,22.62
2166_test,8.72
2167_test,9.99
2168_test,62.41
2169_test,534.04
2170_test,18.19
2171_test,8.72
2172_test,44.52
2173_test,9.08
2174_test,54.56
2175_test,8.72
2176_test,14.76
2177_test,8.72
2178_test,45.84
2179_test,44.52
2180_test,8.72
2181_test,6.18
2182_test,44.52
2183_test,19.29
2184_test,8.72
2185_test,44.52
2186_test,18.11
2187_test,70.52
2188_test,8.72
2189_test,10.86
2190_test,7.81
2191_test,8.72
2192_test,7.81
2193_test,146.41
2194_test,91.91
2195_test,6.18
2196_test,7.81
2197_test,13.04
2198_test,64.23
2199_test,19.10
2200_test,8.72
2201_test,54.56
2202_test,11.67
2203_test,14.76
2204_test,8.72
2205_test,7.81
2206_test,8.72
2207_test,14.56
2208_test,8.72
2209_test,7.81
2210_test,8.72
2211_test,8.72
2212_test,8.72
2213_test,8.72
2214_test,15.50
2215_test,15.65
2216_test,21.28
2217_test,53.38
2218_test,8.72
2219_test,8.72
2220_test,8.72
2221_test,8.72
2222_test,6.18
2223_test,7.81
2224_test,19.10
2225_test,6.18
2226_test,8.72
2227_test,8.72
2228_test,8.72
2229_test,42.48
2230_test,72.25
2231_test,13.45
2232_test,8.72
2233_test,10.04
2234_test,15.66
2235_test,8.72
2236_test,7.81
2237_test,8.72
2238_test,39.45
2239_test,40.57
2240_test,19.10
2241_test,8.72
2242_test,47.33
2243_test,143.00
2244_test,44.52
2245_test,7.81
2246_test,44.52
2247_test,44.52
2248_test,56.42
2249_test,8.72
2250_test,44.52
2251_test,8.72
2252_test,21.57
2253_test,6.18
2254_test,7.81
2255_test,7.81
2256_test,8.72
2257_test,26.54
2258_test,95.12
2259_test,21.28
2260_test,8.72
2261_test,7.81
2262_test,8.72
2263_test,11.67
2264_test,18.19
2265_test,30.90
2266_test,20.55
2267_test,10.04
2268_test,15.66
2269_test,8.72
2270_test,6.18
2271_test,19.10
2272_test,24.00
2273_test,8.72
2274_test,21.28
2275_test,44.52
2276_test,8.72
2277_test,19.10
2278_test,14.76
2279_test,8.72
2280_test,7.77
2281_test,7.81
2282_test,8.72
2283_test,8.72
2284_test,19.10
2285_test,8.72
2286_test,21.28
2287_test,7.81
2288_test,55.09
2289_test,7.81
2290_test,7.81
2291_test,24.80
2292_test,8.72
2293_test,7.81
2294_test,7.81
2295_test,7.81
2296_test,23.34
2297_test,18.11
2298_test,30.30
2299_test,19.10
2300_test,14.76
2301_test,35.85
2302_test,44.52
2303_test,6.18
2304_test,18.11
2305_test,42.82
2306_test,7.01
2307_test,51.83
2308_test,18.19
2309_test,14.76
2310_test,59.45
2311_test,7.81
2312_test,8.72
2313_test,13.94
2314_test,18.19
2315_test,8.72
2316_test,47.32
2317_test,8.72
2318_test,25.60
2319_test,18.11
2320_test,52.38
2321_test,44.52
2322_test,7.81
2323_test,44.52
2324_test,23.53
2325_test,109.33
2326_test,50.71
2327_test,23.53
2328_test,54.56
2329_test,19.10
2330_test,8.72
2331_test,8.72
2332_test,7.81
2333_test,19.10
2334_test,7.81
2335_test,14.76
2336_test,13.94
2337_test,14.76
2338_test,8.72
2339_test,8.72
2340_test,7.81
2341_test,18.11
2342_test,39.17
2343_test,44.52
2344_test,7.57
2345_test,6.18
2346_test,6.18
2347_test,7.81
2348_test,8.72
2349_test,19.10
2350_test,7.81
2351_test,52.38
2352_test,21.28
2353_test,8.72
2354_test,582.78
2355_test,19.10
2356_test,62.41
2357_test,106.45
2358_test,54.56
2359_test,7.81
2360_test,18.11
2361_test,19.10
2362_test,7.81
2363_test,9.99
2364_test,30.90
2365_test,8.72
2366_test,8.72
2367_test,8.72
2368_test,8.72
2369_test,7.81
2370_test,224.02
2371_test,7.81
2372_test,19.10
2373_test,15.66
2374_test,21.28
2375_test,19.29
2376_test,19.10
2377_test,7.81
2378_test,53.38
2379_test,7.81
2380_test,7.81
2381_test,19.10
2382_test,7.81
2383_test,52.38
2384_test,7.81
2385_test,23.53
2386_test,320.08
2387_test,9.23
2388_test,6.18
2389_test,8.72
2390_test,20.33
2391_test,8.72
2392_test,6.18
2393_test,8.72
2394_test,8.72
2395_test,44.52
2396_test,7.81
2397_test,87.33
2398_test,14.76
2399_test,13.94
2400_test,7.81
2401_test,7.81
2402_test,8.72
2403_test,91.48
2404_test,18.11
2405_test,141.86
2406_test,19.39
2407_test,8.72
2408_test,8.72
2409_test,8.72
2410_test,7.81
2411_test,8.72
2412_test,18.11
2413_test,89.83
2414_test,8.72
2415_test,26.48
2416_test,22.62
2417_test,42.48
2418_test,44.52
2419_test,44.52
2420_test,8.72
2421_test,6.18
2422_test,115.32
2423_test,8.72
2424_test,7.81
2425_test,7.81
2426_test,8.72
2427_test,7.81
2428_test,18.76
2429_test,8.72
2430_test,8.72
2431_test,44.52
2432_test,8.72
2433_test,8.72
2434_test,8.72
2435_test,56.25
2436_test,8.72
2437_test,18.11
2438_test,54.56
2439_test,14.76
2440_test,35.53
2441_test,7.81
2442_test,18.11
2443_test,7.81
2444_test,25.71
2445_test,18.19
2446_test,14.76
2447_test,78.25
2448_test,44.52
2449_test,8.72
2450_test,8.72
2451_test,6.18
2452_test,8.72
2453_test,16.03
2454_test,42.16
2455_test,8.72
2456_test,14.76
2457_test,6.18
2458_test,8.72
2459_test,7.99
2460_test,7.81
2461_test,260.78
2462_test,14.76
2463_test,8.72
2464_test,8.72
2465_test,49.06
2466_test,18.11
2467_test,8.72
2468_test,62.41
2469_test,7.81
2470_test,7.81
2471_test,44.52
2472_test,10.04
2473_test,55.34
2474_test,8.72
2475_test,8.72
2476_test,8.72
2477_test,8.72
2478_test,7.81
2479_test,8.72
2480_test,15.66
2481_test,7.81
2482_test,14.76
2483_test,19.10
2484_test,27.11
2485_test,8.72
2486_test,23.53
2487_test,7.81
2488_test,8.72
2489_test,8.72
2490_test,46.31
2491_test,56.75
2492_test,18.11
2493_test,18.19
2494_test,21.28
2495_test,7.81
2496_test,7.81
2497_test,8.72
2498_test,8.72
2499_test,6.18
2500_test,8.72
2501_test,44.52
2502_test,9.08
2503_test,14.76
2504_test,7.01
2505_test,8.72
2506_test,8.72
2507_test,5.38
2508_test,53.38
2509_test,54.56
2510_test,7.81
2511_test,30.92
2512_test,19.10
2513_test,8.72
2514_test,6.18
2515_test,53.05
2516_test,10.86
2517_test,52.38
2518_test,23.53
2519_test,23.53
2520_test,12.89
2521_test,8.72
2522_test,7.81
2523_test,6.18
2524_test,18.35
2525_test,7.81
2526_test,46.88
2527_test,8.72
2528_test,8.72
2529_test,7.81
2530_test,106.96
2531_test,14.76
2532_test,54.43
2533_test,44.52
2534_test,20.95
2535_test,7.81
2536_test,8.72
2537_test,8.72
2538_test,76.97
2539_test,12.94
2540_test,52.38
2541_test,62.41
2542_test,21.28
2543_test,54.56
2544_test,8.72
2545_test,19.10
2546_test,7.81
2547_test,7.81
2548_test,11.67
2549_test,52.38
2550_test,8.72
2551_test,14.76
2552_test,11.67
2553_test,146.41
2554_test,8.72
2555_test,53.38
2556_test,19.10
2557_test,69.03
2558_test,7.81
2559_test,18.11
2560_test,120.67
2561_test,8.72
2562_test,52.38
2563_test,8.72
2564_test,44.52
2565_test,6.18
2566_test,7.81
2567_test,21.28
2568_test,7.81
2569_test,11.67
2570_test,6.18
2571_test,7.81
2572_test,44.52
2573_test,6.18
2574_test,8.72
2575_test,8.72
2576_test,8.72
2577_test,14.76
2578_test,8.72
2579_test,6.18
2580_test,53.38
2581_test,7.81
2582_test,553.59
2583_test,19.10
2584_test,44.52
2585_test,21.28
2586_test,8.72
2587_test,10.04
2588_test,7.81
2589_test,8.72
2590_test,19.10
2591_test,23.81
2592_test,18.11
2593_test,14.76
2594_test,8.72
2595_test,7.81
2596_test,15.66
2597_test,18.11
2598_test,8.72
2599_test,120.09
2600_test,8.72
2601_test,7.81
2602_test,8.72
2603_test,44.52
2604_test,7.46
2605_test,111.28
2606_test,8.72
2607_test,20.37
2608_test,44.52
2609_test,8.72
2610_test,52.38
2611_test,42.82
2612_test,418.37
2613_test,23.34
2614_test,11.41
2615_test,19.10
2616_test,7.81
2617_test,13.40
2618_test,14.76
2619_test,6.18
2620_test,8.72
2621_test,8.72
2622_test,54.56
2623_test,11.26
2624_test,8.72
2625_test,8.72
2626_test,90.16
2627_test,18.19
2628_test,7.81
2629_test,8.72
2630_test,7.81
2631_test,19.10
2632_test,56.42
2633_test,54.56
2634_test,6.18
2635_test,19.10
2636_test,8.72
2637_test,44.52
2638_test,44.52
2639_test,31.56
2640_test,6.18
2641_test,16.24
2642_test,14.76
2643_test,7.81
2644_test,9.92
2645_test,54.56
2646_test,7.81
2647_test,44.52
2648_test,8.72
2649_test,7.81
2650_test,72.25
2651_test,11.67
2652_test,6.18
2653_test,8.72
2654_test,8.72
2655_test,7.81
2656_test,7.81
2657_test,15.66
2658_test,7.81
2659_test,19.10
2660_test,8.72
2661_test,8.72
2662_test,13.94
2663_test,11.67
2664_test,6.18
2665_test,7.81
2666_test,69.53
2667_test,44.52
2668_test,14.76
2669_test,9.99
2670_test,175.73
2671_test,8.72
2672_test,6.18
2673_test,8.72
2674_test,90.74
2675_test,7.81
2676_test,14.76
2677_test,14.76
2678_test,7.81
2679_test,8.72
2680_test,7.81
2681_test,7.81
2682_test,8.72
2683_test,15.66
2684_test,157.57
2685_test,19.10
2686_test,52.38
2687_test,7.81
2688_test,7.81
2689_test,72.25
2690_test,14.76
2691_test,11.67
2692_test,8.72
2693_test,8.72
2694_test,8.72
2695_test,7.81
2696_test,19.10
2697_test,70.52
2698_test,8.72
2699_test,7.81
2700_test,19.17
2701_test,44.52
2702_test,7.81
2703_test,28.74
2704_test,7.81
2705_test,14.76
2706_test,7.81
2707_test,18.11
2708_test,44.52
2709_test,9.99
2710_test,10.86
2711_test,7.81
2712_test,7.81
2713_test,8.72
2714_test,8.72
2715_test,78.44
2716_test,21.28
2717_test,44.52
2718_test,20.33
2719_test,198.62
2720_test,45.84
2721_test,89.46
2722_test,42.47
2723_test,7.81
2724_test,62.41
2725_test,7.81
2726_test,2.00
2727_test,8.72
2728_test,8.72
2729_test,8.72
2730_test,64.23
2731_test,6.18
2732_test,12.75
2733_test,8.72
2734_test,102.95
2735_test,52.38
2736_test,8.72
2737_test,6.18
2738_test,18.11
2739_test,76.64
2740_test,10.04
2741_test,8.72
2742_test,19.10
2743_test,18.19
2744_test,19.10
2745_test,7.81
2746_test,7.81
2747_test,6.18
2748_test,8.72
2749_test,27.80
2750_test,123.46
2751_test,8.72
2752_test,77.34
2753_test,14.76
2754_test,8.72
2755_test,7.81
2756_test,7.81
2757_test,8.72
2758_test,7.81
2759_test,8.72
2760_test,19.29
2761_test,18.19
2762_test,6.18
2763_test,7.81
2764_test,19.10
2765_test,40.56
2766_test,8.72
2767_test,369.73
2768_test,7.81
2769_test,0.00
2770_test,8.72
2771_test,18.11
2772_test,7.57
2773_test,27.80
2774_test,8.72
2775_test,7.81
2776_test,19.10
2777_test,8.72
2778_test,8.72
2779_test,44.52
2780_test,8.72
2781_test,14.76
2782_test,21.28
2783_test,8.72
2784_test,11.67
2785_test,14.76
2786_test,18.21
2787_test,8.72
2788_test,8.72
2789_test,8.72
2790_test,6.18
2791_test,15.66
2792_test,8.72
2793_test,24.80
2794_test,8.72
2795_test,15.66
2796_test,7.81
2797_test,19.10
2798_test,14.76
2799_test,6.18
2800_test,8.72
2801_test,8.72
2802_test,8.72
2803_test,8.72
2804_test,118.22
2805_test,7.81
2806_test,7.81
2807_test,19.10
2808_test,14.76
2809_test,8.72
2810_test,19.29
2811_test,53.05
2812_test,72.25
2813_test,44.52
2814_test,44.52
2815_test,69.41
2816_test,44.52
2817_test,19.10
2818_test,52.89
2819_test,271.05
2820_test,8.72
2821_test,45.84
2822_test,44.52
2823_test,14.76
2824_test,7.81
2825_test,22.23
2826_test,8.72
2827_test,21.28
2828_test,7.81
2829_test,8.72
2830_test,6.18
2831_test,8.72
2832_test,8.72
2833_test,14.01
2834_test,44.52
2835_test,55.34
2836_test,7.81
2837_test,8.72
2838_test,8.72
2839_test,7.81
2840_test,7.81
2841_test,146.41
2842_test,44.52
2843_test,45.84
2844_test,13.94
2845_test,13.94
2846_test,28.19
2847_test,21.28
2848_test,10.04
2849_test,54.43
2850_test,15.66
2851_test,267.31
2852_test,10.04
2853_test,19.10
2854_test,18.19
2855_test,6.18
2856_test,8.72
2857_test,19.10
2858_test,8.72
2859_test,52.38
2860_test,418.37
2861_test,7.81
2862_test,7.81
2863_test,8.72
2864_test,7.81
2865_test,14.76
2866_test,13.94
2867_test,8.72
2868_test,7.81
2869_test,7.81
2870_test,8.72
2871_test,44.52
2872_test,27.80
2873_test,8.72
2874_test,9.99
2875_test,6.18
2876_test,186.22
2877_test,106.36
2878_test,8.72
2879_test,8.72
2880_test,7.81
2881_test,8.72
2882_test,162.03
2883_test,152.85
2884_test,7.46
2885_test,8.72
2886_test,23.53
2887_test,7.81
2888_test,8.72
2889_test,57.46
2890_test,14.76
2891_test,21.28
2892_test,8.72
2893_test,9.08
2894_test,19.10
2895_test,7.81
2896_test,44.31
2897_test,8.72
2898_test,15.66
2899_test,189.77
2900_test,7.81
2901_test,15.66
2902_test,56.25
2903_test,50.97
2904_test,44.52
2905_test,8.72
2906_test,15.66
2907_test,8.72
2908_test,19.10
2909_test,119.35
2910_test,7.81
2911_test,44.52
2912_test,6.18
2913_test,8.72
2914_test,21.17
2915_test,54.56
2916_test,7.57
2917_test,38.76
2918_test,44.52
2919_test,72.25
2920_test,8.72
2921_test,8.72
2922_test,7.81
2923_test,11.67
2924_test,8.72
2925_test,14.76
2926_test,8.72
2927_test,8.72
2928_test,15.66
2929_test,8.72
2930_test,8.72
2931_test,13.45
2932_test,14.76
2933_test,7.81
2934_test,8.72
2935_test,7.81
2936_test,9.08
2937_test,6.18
2938_test,55.34
2939_test,87.71
2940_test,7.81
2941_test,44.52
2942_test,14.76
2943_test,8.72
2944_test,15.66
2945_test,8.72
2946_test,18.40
2947_test,20.37
2948_test,8.72
2949_test,7.81
2950_test,44.31
2951_test,8.72
2952_test,8.72
2953_test,45.84
2954_test,11.67
2955_test,24.80
2956_test,14.56
2957_test,44.52
2958_test,7.81
2959_test,13.94
2960_test,48.62
2961_test,8.72
2962_test,8.72
2963_test,146.13
2964_test,7.81
2965_test,59.61
2966_test,8.72
2967_test,55.34
2968_test,54.56
2969_test,13.13
2970_test,31.56
2971_test,8.72
2972_test,21.57
2973_test,8.72
2974_test,18.11
2975_test,18.11
2976_test,8.72
2977_test,13.19
2978_test,7.81
2979_test,18.11
2980_test,8.72
2981_test,52.38
2982_test,8.72
2983_test,48.29
2984_test,14.76
2985_test,8.72
2986_test,44.52
2987_test,8.72
2988_test,8.72
2989_test,7.81
2990_test,106.36
2991_test,14.76
2992_test,92.01
2993_test,7.81
2994_test,8.72
2995_test,8.72
2996_test,68.23
2997_test,19.10
2998_test,42.82
2999_test,13.94
3000_test,8.72
3001_test,7.81
3002_test,308.65
3003_test,7.81
3004_test,133.00
3005_test,7.81
3006_test,7.81
3007_test,8.72
3008_test,78.83
3009_test,107.16
3010_test,52.38
3011_test,14.76
3012_test,6.18
3013_test,7.81
3014_test,8.72
3015_test,8.32
3016_test,7.81
3017_test,8.72
3018_test,24.80
3019_test,417.37
3020_test,8.72
3021_test,8.72
3022_test,7.81
3023_test,8.72
3024_test,8.72
3025_test,16.85
3026_test,7.81
3027_test,54.56
3028_test,6.18
3029_test,31.56
3030_test,6.18
3031_test,20.37
3032_test,8.72
3033_test,7.81
3034_test,78.44
3035_test,18.11
3036_test,44.52
3037_test,62.41
3038_test,21.28
3039_test,8.72
3040_test,11.26
3041_test,18.19
3042_test,8.72
3043_test,8.72
3044_test,8.72
3045_test,8.72
3046_test,99.97
3047_test,8.72
3048_test,34.22
3049_test,44.52
3050_test,24.00
3051_test,7.81
3052_test,18.11
3053_test,7.81
3054_test,14.76
3055_test,13.94
3056_test,7.81
3057_test,7.81
3058_test,8.72
3059_test,15.66
3060_test,44.52
3061_test,27.39
3062_test,44.52
3063_test,75.89
3064_test,6.18
3065_test,8.72
3066_test,21.90
3067_test,14.76
3068_test,8.18
3069_test,8.72
3070_test,6.18
3071_test,89.96
3072_test,21.28
3073_test,8.72
3074_test,7.81
3075_test,7.81
3076_test,8.72
3077_test,21.28
3078_test,8.72
3079_test,7.81
3080_test,55.34
3081_test,21.28
3082_test,8.72
3083_test,8.72
3084_test,8.72
3085_test,6.18
3086_test,8.72
3087_test,65.24
3088_test,49.06
3089_test,7.81
3090_test,52.38
3091_test,6.18
3092_test,8.72
3093_test,14.76
3094_test,8.72
3095_test,8.72
3096_test,18.19
3097_test,8.72
3098_test,8.72
3099_test,15.66
3100_test,231.22
3101_test,8.72
3102_test,8.72
3103_test,6.18
3104_test,8.72
3105_test,8.72
3106_test,19.29
3107_test,7.81
3108_test,19.10
3109_test,7.81
3110_test,8.72
3111_test,6.18
3112_test,15.66
3113_test,191.93
3114_test,50.71
3115_test,7.81
3116_test,6.18
3117_test,8.72
3118_test,8.72
3119_test,7.81
3120_test,52.38
3121_test,8.72
3122_test,8.72
3123_test,52.38
3124_test,18.19
3125_test,21.28
3126_test,7.81
3127_test,8.72
3128_test,120.09
3129_test,16.21
3130_test,8.72
3131_test,8.72
3132_test,7.81
3133_test,8.72
3134_test,8.72
3135_test,14.76
3136_test,15.66
3137_test,7.81
3138_test,44.52
3139_test,15.77
3140_test,19.10
3141_test,8.72
3142_test,7.81
3143_test,55.09
3144_test,44.52
3145_test,6.18
3146_test,8.72
3147_test,19.10
3148_test,7.81
3149_test,8.72
3150_test,6.18
3151_test,54.56
3152_test,8.72
3153_test,7.81
3154_test,18.11
3155_test,13.13
3156_test,57.22
3157_test,6.18
3158_test,21.28
3159_test,11.67
3160_test,15.66
3161_test,7.81
3162_test,20.55
3163_test,18.19
3164_test,18.11
3165_test,25.71
3166_test,18.11
3167_test,8.72
3168_test,42.47
3169_test,53.38
3170_test,8.72
3171_test,8.72
3172_test,15.66
3173_test,44.52
3174_test,19.10
3175_test,6.18
3176_test,8.72
3177_test,9.99
3178_test,55.09
3179_test,44.52
3180_test,7.81
3181_test,28.19
3182_test,19.98
3183_test,8.72
3184_test,8.72
3185_test,19.10
3186_test,6.18
3187_test,17.95
3188_test,7.81
3189_test,72.25
3190_test,122.59
3191_test,8.72
3192_test,14.76
3193_test,6.18
3194_test,82.82
3195_test,19.10
3196_test,44.52
3197_test,8.72
3198_test,33.61
3199_test,8.72
3200_test,227.84
3201_test,8.72
3202_test,7.81
3203_test,7.77
3204_test,19.10
3205_test,79.87
3206_test,7.81
3207_test,13.04
3208_test,8.72
3209_test,18.11
3210_test,8.72
3211_test,7.81
3212_test,44.52
3213_test,10.86
3214_test,44.52
3215_test,7.81
3216_test,18.11
3217_test,14.76
3218_test,8.72
3219_test,8.72
3220_test,44.52
3221_test,15.61
3222_test,76.64
3223_test,19.10
3224_test,44.52
3225_test,18.11
3226_test,8.72
3227_test,6.18
3228_test,8.72
3229_test,20.33
3230_test,8.72
3231_test,17.81
3232_test,7.81
3233_test,181.21
3234_test,13.45
3235_test,44.52
3236_test,15.66
3237_test,15.66
3238_test,8.72
3239_test,19.10
3240_test,11.67
3241_test,8.72
3242_test,19.10
3243_test,21.28
3244_test,7.81
3245_test,6.18
3246_test,13.04
3247_test,13.94
3248_test,8.72
3249_test,18.11
3250_test,19.43
3251_test,15.66
3252_test,14.76
3253_test,9.99
3254_test,8.72
3255_test,8.72
3256_test,15.66
3257_test,8.72
3258_test,19.10
3259_test,7.81
3260_test,8.72
3261_test,40.44
3262_test,8.72
3263_test,21.28
3264_test,15.66
3265_test,8.72
3266_test,14.56
3267_test,13.94
3268_test,243.20
3269_test,8.72
3270_test,187.40
3271_test,14.76
3272_test,117.71
3273_test,8.72
3274_test,8.72
3275_test,8.72
3276_test,18.11
3277_test,15.66
3278_test,8.72
3279_test,19.29
3280_test,8.72
3281_test,19.10
3282_test,7.81
3283_test,8.72
3284_test,35.31
3285_test,21.28
3286_test,7.81
3287_test,115.68
3288_test,9.50
3289_test,19.10
3290_test,9.08
3291_test,7.81
3292_test,118.22
3293_test,8.72
3294_test,15.66
3295_test,45.84
3296_test,18.11
3297_test,7.81
3298_test,53.38
3299_test,18.11
3300_test,15.66
3301_test,52.38
3302_test,34.22
3303_test,6.18
3304_test,7.81
3305_test,8.72
3306_test,44.52
3307_test,8.72
3308_test,7.81
3309_test,7.81
3310_test,8.72
3311_test,6.18
3312_test,9.50
3313_test,15.66
3314_test,8.72
3315_test,81.74
3316_test,12.94
3317_test,8.72
3318_test,8.72
3319_test,19.10
3320_test,6.18
3321_test,13.04
3322_test,39.17
3323_test,8.72
3324_test,7.81
3325_test,19.10
3326_test,28.19
3327_test,18.19
3328_test,23.81
3329_test,72.47
3330_test,6.18
3331_test,54.43
3332_test,14.76
3333_test,44.52
3334_test,44.67
3335_test,7.81
3336_test,11.67
3337_test,19.10
3338_test,128.43
3339_test,8.72
3340_test,6.18
3341_test,42.82
3342_test,8.72
3343_test,19.10
3344_test,14.76
3345_test,7.81
3346_test,8.72
3347_test,21.28
3348_test,11.67
3349_test,8.72
3350_test,7.81
3351_test,14.03
3352_test,7.81
3353_test,10.04
3354_test,8.72
3355_test,7.81
3356_test,25.71
3357_test,8.72
3358_test,18.11
3359_test,7.81
3360_test,13.94
3361_test,53.38
3362_test,15.66
3363_test,19.10
3364_test,8.72
3365_test,18.11
3366_test,18.19
3367_test,18.11
3368_test,19.10
3369_test,18.11
3370_test,15.66
3371_test,44.52
3372_test,7.81
3373_test,8.72
3374_test,48.62
3375_test,8.72
3376_test,6.18
3377_test,6.18
3378_test,259.52
3379_test,18.93
3380_test,151.91
3381_test,9.99
3382_test,6.18
3383_test,8.72
3384_test,53.38
3385_test,8.72
3386_test,24.81
3387_test,7.81
3388_test,44.52
3389_test,21.28
3390_test,8.72
3391_test,119.14
3392_test,19.39
3393_test,8.72
3394_test,6.18
3395_test,53.38
3396_test,54.56
3397_test,8.72
3398_test,82.82
3399_test,7.81
3400_test,8.72
3401_test,15.66
3402_test,18.11
3403_test,7.81
3404_test,8.72
3405_test,19.98
3406_test,8.72
3407_test,7.81
3408_test,15.66
3409_test,34.65
3410_test,7.81
3411_test,7.81
3412_test,14.76
3413_test,7.81
3414_test,8.72
3415_test,19.10
3416_test,7.81
3417_test,8.72
3418_test,19.10
3419_test,44.52
3420_test,8.72
3421_test,8.72
3422_test,18.19
3423_test,18.11
3424_test,19.39
3425_test,8.72
3426_test,8.72
3427_test,8.72
3428_test,19.39
3429_test,18.11
3430_test,20.37
3431_test,8.72
3432_test,8.72
3433_test,8.72
3434_test,8.72
3435_test,6.18
3436_test,6.18
3437_test,8.72
3438_test,7.81
3439_test,19.10
3440_test,36.63
3441_test,8.72
3442_test,6.18
3443_test,24.07
3444_test,8.72
3445_test,54.56
3446_test,18.11
3447_test,19.10
3448_test,44.52
3449_test,44.52
3450_test,44.52
3451_test,44.52
3452_test,8.72
3453_test,8.72
3454_test,21.28
3455_test,16.41
3456_test,53.05
3457_test,7.81
3458_test,150.40
3459_test,7.81
3460_test,6.18
3461_test,9.99
3462_test,8.32
3463_test,8.72
3464_test,59.80
3465_test,6.18
3466_test,8.72
3467_test,16.74
3468_test,44.52
3469_test,6.18
3470_test,13.45
3471_test,7.81
3472_test,7.81
3473_test,92.01
3474_test,6.18
3475_test,8.72
3476_test,7.81
3477_test,23.34
3478_test,8.72
3479_test,16.00
3480_test,21.28
3481_test,8.72
3482_test,43.39
3483_test,6.18
3484_test,8.72
3485_test,7.81
3486_test,42.47
3487_test,18.19
3488_test,11.61
3489_test,8.72
3490_test,19.29
3491_test,6.18
3492_test,20.37
3493_test,8.72
3494_test,21.28
3495_test,42.16
3496_test,13.04
3497_test,53.38
3498_test,7.81
3499_test,8.72
3500_test,7.81
3501_test,7.81
3502_test,8.72
3503_test,31.56
3504_test,7.81
3505_test,18.19
3506_test,18.11
3507_test,44.52
3508_test,60.55
3509_test,19.10
3510_test,8.72
3511_test,7.81
3512_test,19.10
3513_test,8.72
3514_test,226.83
3515_test,8.72
3516_test,8.72
3517_test,6.18
3518_test,8.72
3519_test,18.19
3520_test,70.52
3521_test,14.76
3522_test,18.11
3523_test,18.76
3524_test,44.52
3525_test,14.76
3526_test,108.67
3527_test,8.72
3528_test,7.81
3529_test,21.28
3530_test,13.94
3531_test,8.72
3532_test,132.79
3533_test,8.72
3534_test,62.41
3535_test,8.72
3536_test,8.72
3537_test,7.81
3538_test,14.56
3539_test,8.72
3540_test,43.39
3541_test,53.38
3542_test,21.28
3543_test,15.66
3544_test,14.76
3545_test,19.10
3546_test,13.94
3547_test,8.72
3548_test,8.72
3549_test,7.81
3550_test,7.81
3551_test,8.72
3552_test,44.52
3553_test,8.72
3554_test,30.78
3555_test,21.28
3556_test,7.81
3557_test,22.23
3558_test,7.81
3559_test,81.88
3560_test,7.46
3561_test,8.72
3562_test,15.66
3563_test,8.72
3564_test,18.19
3565_test,7.81
3566_test,8.72
3567_test,52.38
3568_test,8.72
3569_test,18.11
3570_test,7.81
3571_test,8.72
3572_test,21.28
3573_test,7.81
3574_test,8.72
3575_test,8.72
3576_test,15.66
3577_test,8.72
3578_test,8.72
3579_test,6.18
3580_test,13.04
3581_test,6.18
3582_test,235.06
3583_test,7.81
3584_test,8.72
3585_test,20.37
3586_test,8.72
3587_test,8.72
3588_test,21.28
3589_test,7.81
3590_test,8.72
3591_test,18.11
3592_test,8.72
3593_test,18.11
3594_test,15.66
3595_test,19.39
3596_test,19.10
3597_test,8.72
3598_test,19.10
3599_test,8.72
3600_test,54.56
3601_test,8.72
3602_test,8.72
3603_test,7.81
3604_test,7.81
3605_test,8.72
3606_test,8.72
3607_test,21.28
3608_test,45.84
3609_test,8.72
3610_test,18.35
3611_test,15.66
3612_test,21.28
3613_test,7.81
3614_test,11.67
3615_test,7.81
3616_test,7.81
3617_test,8.72
3618_test,6.18
3619_test,8.72
3620_test,42.16
3621_test,8.72
3622_test,19.39
3623_test,44.52
3624_test,7.81
3625_test,23.53
3626_test,19.39
3627_test,7.81
3628_test,8.72
3629_test,8.72
3630_test,7.77
3631_test,19.10
3632_test,8.72
3633_test,14.76
3634_test,44.52
3635_test,16.91
3636_test,20.38
3637_test,18.11
3638_test,8.72
3639_test,8.72
3640_test,15.25
3641_test,8.72
3642_test,7.81
3643_test,8.72
3644_test,19.10
3645_test,14.51
3646_test,41.86
3647_test,55.34
3648_test,8.72
3649_test,8.72
3650_test,8.72
3651_test,8.72
3652_test,78.44
3653_test,7.81
3654_test,8.72
3655_test,42.47
3656_test,6.18
3657_test,21.28
3658_test,8.72
3659_test,198.62
3660_test,76.97
3661_test,52.38
3662_test,12.94
3663_test,54.56
3664_test,40.75
3665_test,55.34
3666_test,11.67
3667_test,11.67
3668_test,44.52
3669_test,47.35
3670_test,6.18
